{
  "eval_type_id": "scr",
  "eval_config": {
    "random_seed": 42,
    "dataset_names": [
      "LabHC/bias_in_bios_class_set1",
      "canrager/amazon_reviews_mcauley_1and5"
    ],
    "perform_scr": true,
    "early_stopping_patience": 20,
    "train_set_size": 4000,
    "test_set_size": 1000,
    "context_length": 128,
    "probe_train_batch_size": 16,
    "probe_test_batch_size": 500,
    "probe_epochs": 20,
    "probe_lr": 0.001,
    "probe_l1_penalty": 0.001,
    "sae_batch_size": 125,
    "llm_batch_size": 32,
    "llm_dtype": "bfloat16",
    "lower_vram_usage": false,
    "model_name": "gemma-2-2b",
    "n_values": [
      2,
      5,
      10,
      20,
      50,
      100,
      500
    ],
    "column1_vals_lookup": {
      "LabHC/bias_in_bios_class_set1": [
        [
          "professor",
          "nurse"
        ],
        [
          "architect",
          "journalist"
        ],
        [
          "surgeon",
          "psychologist"
        ],
        [
          "attorney",
          "teacher"
        ]
      ],
      "canrager/amazon_reviews_mcauley_1and5": [
        [
          "Books",
          "CDs_and_Vinyl"
        ],
        [
          "Software",
          "Electronics"
        ],
        [
          "Pet_Supplies",
          "Office_Products"
        ],
        [
          "Industrial_and_Scientific",
          "Toys_and_Games"
        ]
      ]
    }
  },
  "eval_id": "31a011cf-768c-4ec3-9a40-d701c9e6faab",
  "datetime_epoch_millis": 1742891236712,
  "eval_result_metrics": {
    "scr_metrics": {
      "scr_dir1_threshold_2": 0.26233905687395837,
      "scr_metric_threshold_2": 0.09999267056426757,
      "scr_dir2_threshold_2": 0.0896106420727032,
      "scr_dir1_threshold_5": 0.28696148799055093,
      "scr_metric_threshold_5": 0.14331707721989526,
      "scr_dir2_threshold_5": 0.1361537678879771,
      "scr_dir1_threshold_10": 0.29034101423239606,
      "scr_metric_threshold_10": 0.22186740435477392,
      "scr_dir2_threshold_10": 0.2127749951405303,
      "scr_dir1_threshold_20": 0.2189859882230869,
      "scr_metric_threshold_20": 0.2686686186800615,
      "scr_dir2_threshold_20": 0.26683663996126544,
      "scr_dir1_threshold_50": 0.16561856774382372,
      "scr_metric_threshold_50": 0.3396621649135318,
      "scr_dir2_threshold_50": 0.34155886797085816,
      "scr_dir1_threshold_100": 0.145522097631668,
      "scr_metric_threshold_100": 0.305846605726821,
      "scr_dir2_threshold_100": 0.3194851519252834,
      "scr_dir1_threshold_500": 0.13192378945722621,
      "scr_metric_threshold_500": 0.30399162368620264,
      "scr_dir2_threshold_500": 0.31558778677060917
    }
  },
  "eval_result_details": [
    {
      "dataset_name": "LabHC/bias_in_bios_class_set1_scr_professor_nurse_results",
      "scr_dir1_threshold_2": 0.45454604566582174,
      "scr_metric_threshold_2": 0.03186262765328328,
      "scr_dir2_threshold_2": 0.03186262765328328,
      "scr_dir1_threshold_5": 0.4909092091331643,
      "scr_metric_threshold_5": 0.049019562011037375,
      "scr_dir2_threshold_5": 0.049019562011037375,
      "scr_dir1_threshold_10": 0.5272734563211802,
      "scr_metric_threshold_10": 0.044117518156042625,
      "scr_dir2_threshold_10": 0.044117518156042625,
      "scr_dir1_threshold_20": 0.3818186350104633,
      "scr_metric_threshold_20": 0.049019562011037375,
      "scr_dir2_threshold_20": 0.049019562011037375,
      "scr_dir1_threshold_50": 0.32727280608877624,
      "scr_metric_threshold_50": 0.08088233575413901,
      "scr_dir2_threshold_50": 0.08088233575413901,
      "scr_dir1_threshold_100": 0.3818186350104633,
      "scr_metric_threshold_100": 0.1127449634074223,
      "scr_dir2_threshold_100": 0.1127449634074223,
      "scr_dir1_threshold_500": 0.05454582892168709,
      "scr_metric_threshold_500": 0.19607839413396788,
      "scr_dir2_threshold_500": 0.19607839413396788
    },
    {
      "dataset_name": "LabHC/bias_in_bios_class_set1_scr_architect_journalist_results",
      "scr_dir1_threshold_2": 0.24390288224741447,
      "scr_metric_threshold_2": 0.17127079555560165,
      "scr_dir2_threshold_2": 0.17127079555560165,
      "scr_dir1_threshold_5": 0.24390288224741447,
      "scr_metric_threshold_5": 0.2071824246013693,
      "scr_dir2_threshold_5": 0.2071824246013693,
      "scr_dir1_threshold_10": 0.2560978446383453,
      "scr_metric_threshold_10": 0.25414363367319504,
      "scr_dir2_threshold_10": 0.25414363367319504,
      "scr_dir1_threshold_20": 0.23170719297072395,
      "scr_metric_threshold_20": 0.30939235707195023,
      "scr_dir2_threshold_20": 0.30939235707195023,
      "scr_dir1_threshold_50": -0.4390244611595863,
      "scr_metric_threshold_50": 0.4254144292287967,
      "scr_dir2_threshold_50": 0.4254144292287967,
      "scr_dir1_threshold_100": -0.5609755388404137,
      "scr_metric_threshold_100": 0.18784533024838174,
      "scr_dir2_threshold_100": 0.18784533024838174,
      "scr_dir1_threshold_500": 0.048780576449482894,
      "scr_metric_threshold_500": 0.2872928677124481,
      "scr_dir2_threshold_500": 0.2872928677124481
    },
    {
      "dataset_name": "LabHC/bias_in_bios_class_set1_scr_surgeon_psychologist_results",
      "scr_dir1_threshold_2": 0.42857142857142855,
      "scr_metric_threshold_2": 0.025773170536871923,
      "scr_dir2_threshold_2": 0.025773170536871923,
      "scr_dir1_threshold_5": 0.42857142857142855,
      "scr_metric_threshold_5": 0.05927835368289101,
      "scr_dir2_threshold_5": 0.05927835368289101,
      "scr_dir1_threshold_10": 0.5079364028137167,
      "scr_metric_threshold_10": 0.10824740842699046,
      "scr_dir2_threshold_10": 0.10824740842699046,
      "scr_dir1_threshold_20": 0.20634931147199764,
      "scr_metric_threshold_20": 0.13144329263421797,
      "scr_dir2_threshold_20": 0.13144329263421797,
      "scr_dir1_threshold_50": 0.20634931147199764,
      "scr_metric_threshold_50": 0.21907210318362533,
      "scr_dir2_threshold_50": 0.21907210318362533,
      "scr_dir1_threshold_100": -0.04761936298742153,
      "scr_metric_threshold_100": 0.08247423789011854,
      "scr_dir2_threshold_100": 0.08247423789011854,
      "scr_dir1_threshold_500": -0.1269843372297096,
      "scr_metric_threshold_500": 0.06701036629203817,
      "scr_dir2_threshold_500": 0.06701036629203817
    },
    {
      "dataset_name": "LabHC/bias_in_bios_class_set1_scr_attorney_teacher_results",
      "scr_dir1_threshold_2": 0.23148172676799453,
      "scr_metric_threshold_2": 0.06722686129280975,
      "scr_dir2_threshold_2": 0.06722686129280975,
      "scr_dir1_threshold_5": 0.19444462840932922,
      "scr_metric_threshold_5": 0.12605046927388852,
      "scr_dir2_threshold_5": 0.12605046927388852,
      "scr_dir1_threshold_10": 0.018518825126659824,
      "scr_metric_threshold_10": 0.16526615227467692,
      "scr_dir2_threshold_10": 0.16526615227467692,
      "scr_dir1_threshold_20": -0.018518273232005476,
      "scr_metric_threshold_20": 0.2100840041499526,
      "scr_dir2_threshold_20": 0.2100840041499526,
      "scr_dir1_threshold_50": 0.12037043169199863,
      "scr_metric_threshold_50": 0.24649860271349733,
      "scr_dir2_threshold_50": 0.24649860271349733,
      "scr_dir1_threshold_100": 0.5555553715906708,
      "scr_metric_threshold_100": 0.29691879042305275,
      "scr_dir2_threshold_100": 0.29691879042305275,
      "scr_dir1_threshold_500": 0.34259246994933606,
      "scr_metric_threshold_500": 0.04481785187527569,
      "scr_dir2_threshold_500": 0.04481785187527569
    },
    {
      "dataset_name": "canrager/amazon_reviews_mcauley_1and5_scr_Books_CDs_and_Vinyl_results",
      "scr_dir1_threshold_2": 0.057416386657913245,
      "scr_metric_threshold_2": 0.06926420777301313,
      "scr_dir2_threshold_2": 0.06926420777301313,
      "scr_dir1_threshold_5": 0.08133980980128552,
      "scr_metric_threshold_5": 0.16017315793914494,
      "scr_dir2_threshold_5": 0.16017315793914494,
      "scr_dir1_threshold_10": 0.05263147387747908,